{
  "project_info": {
    "project_number": "45374850270",
    "firebase_url": "https://voting-app-26f8b.firebaseio.com",
    "project_id": "voting-app-26f8b",
    "storage_bucket": "voting-app-26f8b.appspot.com"
  },
  "client": [
    {
      "client_info": {
        "mobilesdk_app_id": "1:45374850270:android:0f3f1eed8b822d47be6e4f",
        "android_client_info": {
          "package_name": "com.example.votingapp"
        }
      },
      "oauth_client": [
        {
          "client_id": "45374850270-uhph6fjag2rnvjff8i8o5c7fu0rcdhrt.apps.googleusercontent.com",
          "client_type": 3
        }
      ],
      "api_key": [
        {
          "current_key": "AIzaSyCJkqJi1oq4xYcEH0E5UaSzbWWeZeft-uA"
        }
      ],
      "services": {
        "appinvite_service": {
          "other_platform_oauth_client": [
            {
              "client_id": "45374850270-uhph6fjag2rnvjff8i8o5c7fu0rcdhrt.apps.googleusercontent.com",
              "client_type": 3
            }
          ]
        }
      }
    }
  ],
  "configuration_version": "1"
}